id;title;type;institution;location;deadline;source;status;summary;webpage;pdf
StageM2_INRAE-0406AE_IPIDEO_2027;Étude de la variabilité des comportements chez différentes espèces et lignées d’abeilles;Internship;INRAE - UR0406 Abeilles & Environnement;"Domaine St Paul - Site Agroparc CS 40509
84914 Avignon Cedex 9
FRANCE";2026-11-15;In my group;open;Compare behavioural variation across wild bee species and honey bee lineages, combining laboratory tests with video tracking of movement and flower visits under semi-natural conditions.;;downloads/opportunities/StageM2_INRAE-0406AE_IPIDEO_2027.pdf
StageM2_INRAE-0406AE_PollinExplo_2027;Effets d’un insecticide sur la physiologie et le service de pollinisation rendu par l’osmie (Osmia cornuta);Internship;INRAE - UR0406 Abeilles & Environnement;"Domaine St Paul - Site Agroparc CS 40509
84914 Avignon Cedex 9
FRANCE";2026-11-15;In my group;open;Investigate how insecticide exposure affects the physiology and foraging behaviour of the solitary bee Osmia cornuta, and assess the consequences for pollination success, fruit yield and quality.;;downloads/opportunities/StageM2_INRAE-0406AE_PollinExplo_2027.pdf
;;;;;;;;;;
;;;;;;;;;;
;;;;;;;;;;
;;;;;;;;;;
;;;;;;;;;;
;;;;;;;;;;
;;;;;;;;;;
;;;;;;;;;;
;;;;;;;;;;
;;;;;;;;;;
;;;;;;;;;;
;;;;;;;;;;
;;;;;;;;;;
;;;;;;;;;;
;;;;;;;;;;
;;;;;;;;;;
;;;;;;;;;;
;;;;;;;;;;
;;;;;;;;;;
;;;;;;;;;;
;;;;;;;;;;
;;;;;;;;;;
;;;;;;;;;;
;;;;;;;;;;
;;;;;;;;;;
;;;;;;;;;;
;;;;;;;;;;
;;;;;;;;;;
;;;;;;;;;;
;;;;;;;;;;
;;;;;;;;;;
;;;;;;;;;;
;;;;;;;;;;
;;;;;;;;;;
;;;;;;;;;;
;;;;;;;;;;
;;;;;;;;;;
;;;;;;;;;;
;;;;;;;;;;
;;;;;;;;;;
;;;;;;;;;;
;;;;;;;;;;
;;;;;;;;;;
;;;;;;;;;;
;;;;;;;;;;
;;;;;;;;;;
;;;;;;;;;;
;;;;;;;;;;
;;;;;;;;;;
;;;;;;;;;;
;;;;;;;;;;
;;;;;;;;;;
;;;;;;;;;;
;;;;;;;;;;
;;;;;;;;;;
;;;;;;;;;;
;;;;;;;;;;
;;;;;;;;;;
;;;;;;;;;;
;;;;;;;;;;
;;;;;;;;;;
;;;;;;;;;;
;;;;;;;;;;
;;;;;;;;;;
;;;;;;;;;;
;;;;;;;;;;
;;;;;;;;;;
;;;;;;;;;;
;;;;;;;;;;
;;;;;;;;;;
;;;;;;;;;;
;;;;;;;;;;
;;;;;;;;;;
;;;;;;;;;;
;;;;;;;;;;
;;;;;;;;;;
;;;;;;;;;;
;;;;;;;;;;
;;;;;;;;;;
;;;;;;;;;;
;;;;;;;;;;
;;;;;;;;;;
;;;;;;;;;;
;;;;;;;;;;
;;;;;;;;;;
;;;;;;;;;;
;;;;;;;;;;
;;;;;;;;;;
